,Id,y
0,10000,-66.00242349023141
1,10001,451.40650440115417
2,10002,-461.676417060299
3,10003,40.501208753724114
4,10004,-126.74472245403817
5,10005,-342.5345518192524
6,10006,-396.55554211358873
7,10007,335.54127907908827
8,10008,-99.51242087062445
9,10009,304.8125398062762
10,10010,68.8945304897862
11,10011,412.369195455908
12,10012,54.94237102476752
13,10013,-17.00555075477984
14,10014,-597.8499575722622
15,10015,443.5022887864148
16,10016,144.77448697804346
17,10017,-57.41116367253754
18,10018,134.38782757746304
19,10019,-108.98377598910903
20,10020,153.82482842506795
21,10021,611.7359836022035
22,10022,588.389650338423
23,10023,-131.0167999580199
24,10024,-61.13562114122834
25,10025,-374.2484953169733
26,10026,74.1579930796544
27,10027,137.4383787361041
28,10028,420.0866117967907
29,10029,196.7656257134454
30,10030,268.4428498005333
31,10031,638.4749102511097
32,10032,127.37873138691778
33,10033,1.3491187584006252
34,10034,22.710453177407125
35,10035,342.23953452256546
36,10036,307.70396697417266
37,10037,348.1382087009416
38,10038,-168.65286130735356
39,10039,-20.221130904617688
40,10040,-551.7499275731111
41,10041,-429.9718040667426
42,10042,261.891958706743
43,10043,389.8204261292216
44,10044,-96.165622273566
45,10045,-210.71080125632702
46,10046,278.88186878401325
47,10047,-427.45330103104925
48,10048,-172.90325291756966
49,10049,467.264378355785
50,10050,-631.55873558744
51,10051,-355.5316593381784
52,10052,143.17327553860417
53,10053,69.19920259894151
54,10054,275.58827397672746
55,10055,-263.18861220410395
56,10056,167.49830723241155
57,10057,104.57789589014172
58,10058,230.07008661007745
59,10059,20.988026644576536
60,10060,-4.822581262502297
61,10061,-201.922940810638
62,10062,560.0639265657712
63,10063,55.288476252448255
64,10064,671.301574691835
65,10065,-493.7487382852291
66,10066,-279.3530367325924
67,10067,-53.71252761314628
68,10068,379.6981955009763
69,10069,315.0714108579844
70,10070,169.13001732614276
71,10071,-271.5993032690111
72,10072,783.8022226750346
73,10073,44.577311515548544
74,10074,57.40678005457889
75,10075,-161.07827414306857
76,10076,-220.66957847885732
77,10077,223.24129442929114
78,10078,352.6655955437567
79,10079,13.16329136626635
80,10080,-461.99414698573
81,10081,305.37214669142384
82,10082,-230.59656173861094
83,10083,359.07444324254465
84,10084,-430.2605633759218
85,10085,-115.54882205546454
86,10086,-88.96006387867419
87,10087,-488.2901898080429
88,10088,-139.35033854713603
89,10089,57.33880810852531
90,10090,-190.33624272166512
91,10091,-6.508092914823379
92,10092,189.2910777470179
93,10093,346.603678185656
94,10094,871.6273206485921
95,10095,-147.01353738653927
96,10096,443.4899377794319
97,10097,-30.498432974439105
98,10098,185.46345753445863
99,10099,-119.91717151732786
100,10100,43.575238001809296
101,10101,58.31857155224388
102,10102,-197.1524682983991
103,10103,-70.47160678841236
104,10104,-342.8460532886672
105,10105,-29.233589873716618
106,10106,49.522929296103854
107,10107,-16.246144137911813
108,10108,33.77506926160777
109,10109,-68.8830774832408
110,10110,25.863399493696306
111,10111,-617.314284271697
112,10112,-185.90441301195045
113,10113,323.78310610938814
114,10114,-35.66219572212669
115,10115,-733.5297711613849
116,10116,-240.73856264736048
117,10117,-381.9731466242496
118,10118,75.31994462169496
119,10119,36.610326459117616
120,10120,-28.75627022502411
121,10121,-481.1606279685901
122,10122,408.8502304229908
123,10123,-765.0217471991642
124,10124,178.072696516371
125,10125,-7.649879385671255
126,10126,134.7968462337583
127,10127,-477.45851421287
128,10128,-248.70625301323685
129,10129,-361.88465722386513
130,10130,-18.75561174855416
131,10131,7.795604374434731
132,10132,-109.10598972538513
133,10133,-63.07374524219511
134,10134,591.8231837349165
135,10135,259.6126336966298
136,10136,-279.8658320087673
137,10137,93.22535940051868
138,10138,-427.2873154191358
139,10139,84.38656633089845
140,10140,-311.5446306441579
141,10141,11.419268612560671
142,10142,-297.8314684235845
143,10143,-331.92897096864453
144,10144,656.0132305257328
145,10145,-476.6626813650555
146,10146,361.19404513377384
147,10147,-150.1852686119234
148,10148,299.9467190243259
149,10149,-191.72143219270663
150,10150,151.94999511611988
151,10151,-64.67275781576635
152,10152,351.2448616306333
153,10153,-370.6364457562724
154,10154,349.224981786111
155,10155,273.5246096168018
156,10156,783.1971843196886
157,10157,-124.23788973573814
158,10158,-155.2200443299087
159,10159,-506.9556493864118
160,10160,201.6932123856161
161,10161,-415.1740571596373
162,10162,-348.165105169566
163,10163,-201.95224108681063
164,10164,-658.9504470533369
165,10165,179.34640168171478
166,10166,124.06925816168783
167,10167,-209.1502535520168
168,10168,213.70513477400618
169,10169,-82.11721023809076
170,10170,-97.11026989727162
171,10171,124.26800574647999
172,10172,50.28991565714409
173,10173,538.7439592813375
174,10174,630.0175345543371
175,10175,217.25927782654463
176,10176,-491.7337413267089
177,10177,-131.1417511388339
178,10178,362.3930224172949
179,10179,-14.363038055407742
180,10180,-30.26175736167663
181,10181,-107.32358076729845
182,10182,-334.06259292967195
183,10183,299.5063996464325
184,10184,-103.47221484505461
185,10185,179.8204994671949
186,10186,122.20070887900778
187,10187,86.58037161690797
188,10188,386.4825605669927
189,10189,-613.3611745045837
190,10190,-269.8163873834619
191,10191,260.73145126228707
192,10192,-44.62016128042853
193,10193,-159.15717576416648
194,10194,-145.24559879357452
195,10195,447.2282148759997
196,10196,476.35698596959537
197,10197,121.79421345327194
198,10198,-1.5356790561061469
199,10199,410.7440965387797
200,10200,90.82809979964689
201,10201,150.0733695684499
202,10202,24.0336529615479
203,10203,273.88663405362917
204,10204,-154.52926038025305
205,10205,42.588901507066
206,10206,617.3417063168575
207,10207,38.93936076142768
208,10208,-91.43610119490391
209,10209,225.3532747739102
210,10210,151.05827577085557
211,10211,-86.91664773646096
212,10212,-101.71788958007221
213,10213,161.93776502605493
214,10214,357.8704141035449
215,10215,32.14597818655389
216,10216,-379.14539920029245
217,10217,-165.9421322236724
218,10218,257.4539216945411
219,10219,-124.83850779184218
220,10220,47.08451472299123
221,10221,-67.05065138980342
222,10222,287.1733441341645
223,10223,836.2674277701626
224,10224,-78.733292602056
225,10225,-293.0092291521957
226,10226,284.91632646225617
227,10227,377.95143200822946
228,10228,-473.9426195897223
229,10229,-538.809454976604
230,10230,-372.9047504031888
231,10231,-83.37700889968733
232,10232,157.4620595191122
233,10233,167.50291456151191
234,10234,-105.69040574319568
235,10235,561.1616879176289
236,10236,-149.35531895746877
237,10237,196.96680512352336
238,10238,-33.8199117275808
239,10239,5.199419882337168
240,10240,-121.70842296063272
241,10241,53.47357981737757
242,10242,531.2918938411237
243,10243,-157.6026225893765
244,10244,-183.77196239261306
245,10245,643.832246425665
246,10246,17.780306010129408
247,10247,-92.07939719460154
248,10248,485.49316460507646
249,10249,-221.2365786079401
250,10250,490.60650504846257
251,10251,-43.67715915424898
252,10252,139.93322987117654
253,10253,207.50447442761143
254,10254,17.092647024359508
255,10255,-396.4720331605295
256,10256,-168.3016676152935
257,10257,-75.59324100124499
258,10258,-292.0735078007689
259,10259,-59.37366534663204
260,10260,247.3690470643848
261,10261,206.8311275818553
262,10262,17.462464464079915
263,10263,-181.8114850065698
264,10264,300.17615094548444
265,10265,-567.6387247955895
266,10266,311.5932728526352
267,10267,-9.929511835493372
268,10268,161.4078230454785
269,10269,272.385599229724
270,10270,55.122457419425444
271,10271,-15.278267412197023
272,10272,286.40230194290234
273,10273,387.88861194347385
274,10274,-148.57888863638578
275,10275,171.95235244839688
276,10276,-411.570592222679
277,10277,213.80253827075163
278,10278,133.93002437371717
279,10279,-99.01717750124317
280,10280,-162.4172422455813
281,10281,-39.07419011347858
282,10282,-295.1584521832397
283,10283,141.3248135435961
284,10284,163.05983005334457
285,10285,-55.4554014624166
286,10286,-145.74067609352238
287,10287,16.350462436353617
288,10288,-364.29855848282807
289,10289,558.663018737672
290,10290,40.050661219007594
291,10291,67.63734504296922
292,10292,559.8400846554669
293,10293,469.8069471574171
294,10294,-149.4998010545301
295,10295,-328.8227866996963
296,10296,425.7713170466752
297,10297,85.50466241179336
298,10298,-166.91553705584923
299,10299,-662.29840703935
300,10300,50.28039165300379
301,10301,-11.355718332960436
302,10302,-451.8112644495334
303,10303,78.672833134131
304,10304,-386.8187999173563
305,10305,-273.2273830523733
306,10306,352.01504544002296
307,10307,-263.84804091810287
308,10308,-214.73022299361085
309,10309,-84.88115489738519
310,10310,745.8832791254233
311,10311,-418.97510845227515
312,10312,739.1991251661946
313,10313,-469.0774263529472
314,10314,481.82984486567125
315,10315,363.20797478744
316,10316,-270.25304182071915
317,10317,-399.5921247161326
318,10318,234.45728030706587
319,10319,-38.734693570326954
320,10320,238.36874871850756
321,10321,28.697441990183513
322,10322,238.23095785965447
323,10323,-130.00744030000078
324,10324,-681.2945617788487
325,10325,61.580652959543954
326,10326,-444.92985067095935
327,10327,-14.713208392839732
328,10328,680.4767823428576
329,10329,288.7326064937663
330,10330,839.9704901556727
331,10331,416.65747651918144
332,10332,167.35603728915862
333,10333,-86.77953786706655
334,10334,332.7699676004358
335,10335,-201.33443093425322
336,10336,-43.625082987841296
337,10337,-107.90237779609635
338,10338,-284.0357380251709
339,10339,232.60855717832698
340,10340,237.83315171540147
341,10341,74.39980567720329
342,10342,255.51770406364545
343,10343,-168.6496192856104
344,10344,68.56334601629052
345,10345,-365.4419817252608
346,10346,189.70649886094603
347,10347,-369.8332497667104
348,10348,-250.9002439023794
349,10349,76.31355019623153
350,10350,-344.94550923377653
351,10351,-187.42339326812686
352,10352,482.16975698252224
353,10353,125.75266972885984
354,10354,450.6919437521873
355,10355,216.17619018208165
356,10356,34.34193571930491
357,10357,57.51145596121583
358,10358,-211.41949894712656
359,10359,49.76249180949306
360,10360,76.1110402075836
361,10361,-29.196254490440136
362,10362,33.04895852873648
363,10363,364.56271216310006
364,10364,234.48280987315337
365,10365,-21.796554859092197
366,10366,-476.9378770478013
367,10367,43.56765899304592
368,10368,-310.95721366517046
369,10369,-46.941116226037224
370,10370,181.19558107133602
371,10371,-214.96242982007163
372,10372,-80.22706031522148
373,10373,841.20822916574
374,10374,102.35678708587027
375,10375,37.297738046881335
376,10376,77.39818275960263
377,10377,435.79452149369234
378,10378,111.3947926515567
379,10379,-128.8292241538741
380,10380,573.050121058397
381,10381,48.60246807791172
382,10382,-68.5541465921874
383,10383,56.68162450582949
384,10384,-360.30993199943987
385,10385,131.90192283450432
386,10386,-264.52589763343076
387,10387,-378.79324972499336
388,10388,-190.09929259976593
389,10389,862.9152130409637
390,10390,159.57649666231188
391,10391,514.0204635801454
392,10392,61.387667803407716
393,10393,720.875895832659
394,10394,-450.97673103980236
395,10395,105.89444211999671
396,10396,-27.532603044003025
397,10397,-23.4355619667719
398,10398,331.20599829494756
399,10399,-156.02456394824003
400,10400,0.9477018385599938
401,10401,17.232405165319264
402,10402,143.239084170213
403,10403,53.22645139074784
404,10404,41.01334926979489
405,10405,-129.39255146834762
406,10406,430.91652104593174
407,10407,-427.90961965735585
408,10408,49.11400485209272
409,10409,-221.6475803891892
410,10410,-313.75971218685004
411,10411,115.24452244706931
412,10412,96.1009720445352
413,10413,-399.9159849424216
414,10414,-8.411407923563814
415,10415,733.1841324374709
416,10416,-332.4267664916514
417,10417,83.67612042194459
418,10418,339.79274865544227
419,10419,-35.11570131451438
420,10420,38.20433543387787
421,10421,-606.1984890559302
422,10422,194.27285338946234
423,10423,155.03155116158194
424,10424,-111.25647787348248
425,10425,-63.339371636517086
426,10426,403.9358187289638
427,10427,690.919430335862
428,10428,75.78129943645008
429,10429,-340.31540652357575
430,10430,-195.76159542698073
431,10431,40.445138708754385
432,10432,-137.65418796029255
433,10433,-95.67479658954441
434,10434,290.84353787250416
435,10435,568.4646813472782
436,10436,351.21865075407607
437,10437,194.71516658168417
438,10438,-312.15084208719406
439,10439,-518.3107868724487
440,10440,-80.75158048061417
441,10441,-109.91053830578556
442,10442,491.410836475197
443,10443,371.48514486049385
444,10444,343.8566446684358
445,10445,114.60785397368352
446,10446,-315.20442190988285
447,10447,83.10396509307049
448,10448,-82.5991510177418
449,10449,-182.21902722527756
450,10450,-294.9172924513043
451,10451,-294.21055531486945
452,10452,611.5470417356521
453,10453,-34.75613410359233
454,10454,-115.04157690057832
455,10455,263.27933790237773
456,10456,346.05651209283815
457,10457,194.61161526911107
458,10458,257.3561496384949
459,10459,-303.2080949271165
460,10460,-173.19591085705912
461,10461,-88.53983448578344
462,10462,137.60161200011396
463,10463,337.0486492780671
464,10464,155.7252346036271
465,10465,-250.29079290523975
466,10466,148.0634001514345
467,10467,333.6821886093767
468,10468,-260.3363923834268
469,10469,340.30790922791516
470,10470,224.6853557126955
471,10471,-607.2797170619322
472,10472,-54.85959294091819
473,10473,-685.091081725844
474,10474,268.25827077859344
475,10475,108.79743563388314
476,10476,-233.16761717272192
477,10477,115.89088157850335
478,10478,75.28875461498495
479,10479,312.58695394034265
480,10480,78.42590704679519
481,10481,-509.6307964395839
482,10482,142.15294578474675
483,10483,-567.6096744598858
484,10484,99.19784411012986
485,10485,181.76569364681097
486,10486,-27.407098394358925
487,10487,-646.8210508159773
488,10488,-261.6328162502991
489,10489,-398.8768891978155
490,10490,-259.4107520561837
491,10491,-252.05740356799106
492,10492,-25.647967227333723
493,10493,-479.35794942314106
494,10494,109.91068619021995
495,10495,161.94257969114034
496,10496,-436.80717423975625
497,10497,-66.01220442256871
498,10498,-73.60538265407067
499,10499,51.002739446195235
500,10500,7.609681032165184
501,10501,-38.39048673108398
502,10502,493.5959706069292
503,10503,-303.4490805444867
504,10504,285.3630587606864
505,10505,236.93082121946338
506,10506,-112.90288738209169
507,10507,-104.91639705404623
508,10508,70.11071172015289
509,10509,-334.4021807746185
510,10510,-526.1520613513328
511,10511,26.69512668154129
512,10512,16.625076878907322
513,10513,-282.6239186862397
514,10514,-156.7643892232493
515,10515,-368.7038524010559
516,10516,87.2669838839728
517,10517,9.621961449395968
518,10518,159.33855433394947
519,10519,737.8354361900717
520,10520,-63.525614896838505
521,10521,253.39234540406807
522,10522,-195.47926226047906
523,10523,-233.60406275700657
524,10524,672.0430027603315
525,10525,161.02647811634057
526,10526,-86.92388588378263
527,10527,767.4499376317864
528,10528,300.1434547015425
529,10529,-264.6332621205321
530,10530,506.8069224983683
531,10531,413.73257578606075
532,10532,-227.95565420458692
533,10533,270.72182191824527
534,10534,166.27214538843074
535,10535,467.83594699529885
536,10536,691.0141927413329
537,10537,-235.19550162577434
538,10538,-204.49475633783527
539,10539,235.56549902567082
540,10540,481.5082289895038
541,10541,-404.2863716261715
542,10542,499.63459887902366
543,10543,-280.42362428355864
544,10544,349.63535701277374
545,10545,56.279218559326125
546,10546,377.7838241995522
547,10547,58.23929412508252
548,10548,424.2998121746497
549,10549,85.80041244154793
550,10550,-252.99288852458994
551,10551,172.86784495502098
552,10552,-190.106600205716
553,10553,306.96428652366944
554,10554,-179.11766493342512
555,10555,-155.77590494004824
556,10556,-208.75257057910903
557,10557,-257.4259780204175
558,10558,-187.88708045784495
559,10559,178.9596858980327
560,10560,769.2994246067667
561,10561,131.45400495646388
562,10562,-86.3360584772553
563,10563,-440.7896941287989
564,10564,522.206337841694
565,10565,74.26044537058786
566,10566,-273.345190808249
567,10567,23.885483202722654
568,10568,-140.88619011673697
569,10569,337.44189332546415
570,10570,63.425120244032314
571,10571,-78.12104360563883
572,10572,-209.41596150610704
573,10573,-354.30221699578976
574,10574,261.5495894072743
575,10575,252.7847530350225
576,10576,415.3327934963986
577,10577,-341.4106217749625
578,10578,-101.54306561728956
579,10579,-82.98003734434684
580,10580,-146.1918594508315
581,10581,-400.9570095088509
582,10582,114.68810161530698
583,10583,-318.40944917284196
584,10584,-27.128651113152102
585,10585,253.39206355032337
586,10586,-15.16159723590891
587,10587,490.2763101566999
588,10588,67.16055415516045
589,10589,-583.6536301606627
590,10590,566.8292227808811
591,10591,-659.784020611343
592,10592,-280.34458657663197
593,10593,-618.4849576034645
594,10594,-403.08152177208274
595,10595,52.58079586777687
596,10596,154.1372478179054
597,10597,-187.18724588645915
598,10598,45.06432286401848
599,10599,389.8698024589772
600,10600,497.4944277009736
601,10601,-172.60466145697015
602,10602,-199.48804830691256
603,10603,146.33213540458857
604,10604,-745.931421182365
605,10605,-230.93578234679643
606,10606,-157.73768823510505
607,10607,170.55585672160598
608,10608,58.52819579127416
609,10609,21.77823537708403
610,10610,-33.84543238859544
611,10611,527.0115321450189
612,10612,370.35979324782113
613,10613,-83.70884929336651
614,10614,-297.8667818275181
615,10615,379.63004164090535
616,10616,-194.49981867886348
617,10617,-59.08115423923984
618,10618,-59.05074145608438
619,10619,-265.79533104064126
620,10620,-488.32421484496405
621,10621,-28.13331681509525
622,10622,-110.89724251664023
623,10623,642.5198198743142
624,10624,-25.104958245575048
625,10625,368.2746547201481
626,10626,274.79921352704287
627,10627,416.52612933638443
628,10628,110.57324867984366
629,10629,561.3783520521678
630,10630,497.1437621157782
631,10631,-201.6098773445097
632,10632,-370.0522982615886
633,10633,731.0573724235978
634,10634,-380.13707915516864
635,10635,-200.60251550520962
636,10636,272.0860118937552
637,10637,269.84058991076256
638,10638,-243.5639950853449
639,10639,-80.64209434586877
640,10640,-467.97701289855445
641,10641,384.10330917171495
642,10642,-158.51464076438134
643,10643,-321.1429089790817
644,10644,-72.30709812158364
645,10645,244.89650104863165
646,10646,-111.76687989927663
647,10647,-71.30354161628688
648,10648,-97.14900534513903
649,10649,387.9928529444645
650,10650,134.07976082545497
651,10651,-372.7245397183452
652,10652,-153.89734891410555
653,10653,376.0557246783066
654,10654,-45.0669997272818
655,10655,29.111024201618093
656,10656,-164.38841371392488
657,10657,291.38028755702345
658,10658,-389.6429089892468
659,10659,-145.45381366072752
660,10660,276.5061419927246
661,10661,-134.09381091719058
662,10662,82.94811155481179
663,10663,143.7733706105276
664,10664,230.85377823040892
665,10665,649.8980469913494
666,10666,188.10011410399227
667,10667,170.77221614376282
668,10668,-533.8474844790483
669,10669,-516.1349688253714
670,10670,-356.78697467216546
671,10671,480.903743205649
672,10672,-54.535992961676754
673,10673,-272.6605720403796
674,10674,-89.16369341976635
675,10675,-97.40004082496176
676,10676,-264.2980377506263
677,10677,-558.8516759610409
678,10678,-18.223173989824502
679,10679,238.68337858798122
680,10680,-107.49682687897624
681,10681,-439.73714969227575
682,10682,-366.0873776204508
683,10683,540.4744022919012
684,10684,-335.91922953999074
685,10685,128.9848136466241
686,10686,-360.4650592778852
687,10687,-211.01458656820023
688,10688,115.70383605399769
689,10689,-723.6333562247723
690,10690,380.8939221056096
691,10691,24.30096980575359
692,10692,-145.38761452741002
693,10693,-157.2829561785376
694,10694,134.10336003673075
695,10695,215.95710077116382
696,10696,-310.20616373439
697,10697,18.018883693842923
698,10698,-287.1696947296575
699,10699,-244.82888943623973
700,10700,-126.15190632103051
701,10701,-276.8510336972007
702,10702,-63.90282319538507
703,10703,-268.29074198436456
704,10704,80.99060618707693
705,10705,135.4919764914798
706,10706,265.8617173707379
707,10707,290.15338931857366
708,10708,72.85750706987663
709,10709,-88.64501838284443
710,10710,-562.5238017086139
711,10711,-257.968591664593
712,10712,-88.32818773227717
713,10713,-608.904891354577
714,10714,16.648129846868613
715,10715,-117.99664144508735
716,10716,244.4881358582514
717,10717,60.96132064652667
718,10718,640.8504726114286
719,10719,15.073592658661752
720,10720,135.0064443047732
721,10721,39.523374533232584
722,10722,86.44560574134393
723,10723,20.337654615454653
724,10724,217.44242023198052
725,10725,-8.57484599024815
726,10726,172.39758731740028
727,10727,-326.0037487732916
728,10728,347.5813407240389
729,10729,128.95803909114696
730,10730,-379.75008861295464
731,10731,-134.7069570566266
732,10732,153.568885143423
733,10733,-72.12278608897067
734,10734,183.30848830572683
735,10735,-456.53877619138086
736,10736,152.27530162599606
737,10737,-20.65828059907136
738,10738,245.6223283546574
739,10739,776.4009728233568
740,10740,-320.14345296022657
741,10741,-479.3197082847787
742,10742,-69.75434860290758
743,10743,-372.010453196051
744,10744,397.2822473818074
745,10745,94.97293025154134
746,10746,-545.8700939849758
747,10747,92.71733084803317
748,10748,456.62324679869795
749,10749,140.33519629204005
750,10750,-542.6167845034432
751,10751,33.25617847305636
752,10752,237.5455531193673
753,10753,-260.5147806037747
754,10754,-227.741178048945
755,10755,-18.374207944644823
756,10756,357.2320793577921
757,10757,234.16866322379428
758,10758,309.04949086471663
759,10759,109.41620907267996
760,10760,297.046277195338
761,10761,431.2827186897731
762,10762,-285.9027541516843
763,10763,-461.1231850605646
764,10764,458.8411685202933
765,10765,-35.13247865793443
766,10766,-138.96677867277975
767,10767,435.87811135413983
768,10768,-327.5517324812435
769,10769,-16.17584222560143
770,10770,32.68738315097072
771,10771,-143.1103609361333
772,10772,-82.91163796819367
773,10773,-26.395849579089955
774,10774,-295.9065424837706
775,10775,-300.9445513092783
776,10776,-157.03746176056217
777,10777,-444.1054251705689
778,10778,55.54295923374488
779,10779,136.0957334337378
780,10780,-59.93423441413779
781,10781,774.7869393558558
782,10782,-291.8214694025424
783,10783,449.6545133580535
784,10784,-231.20082491305288
785,10785,88.18058840405197
786,10786,511.68238161594604
787,10787,27.698913991855328
788,10788,69.71900343078639
789,10789,-684.0304286748215
790,10790,-181.16575418910645
791,10791,-592.2856835316288
792,10792,-326.3723044913693
793,10793,527.5739554313382
794,10794,-175.98223228892644
795,10795,555.3273243262518
796,10796,-40.062192569476366
797,10797,-242.90961184425703
798,10798,466.4750098322102
799,10799,209.72657821779973
800,10800,112.47399028633862
801,10801,655.9597092112742
802,10802,-253.67288201365142
803,10803,-143.14006436902673
804,10804,261.9090334491249
805,10805,-51.430524620989274
806,10806,-646.5343714931224
807,10807,-114.11730645512894
808,10808,126.14931118008047
809,10809,204.59346285899628
810,10810,-300.3936136583137
811,10811,-415.6867458895389
812,10812,6.4491528842801245
813,10813,72.80107777482948
814,10814,160.66087208145282
815,10815,249.3116892918178
816,10816,-248.28534524656325
817,10817,7.830629922612857
818,10818,-466.38382701666046
819,10819,290.15144404460113
820,10820,-309.0332065633401
821,10821,528.6916611956271
822,10822,372.4938479322535
823,10823,-328.08626630968627
824,10824,-94.65873407725076
825,10825,55.56919414045797
826,10826,67.34382419031736
827,10827,-533.6683812491317
828,10828,-128.10863350344823
829,10829,-542.9948584464196
830,10830,54.63463967257964
831,10831,182.66043483267828
832,10832,-41.29948573089224
833,10833,652.8127633917366
834,10834,-336.9657807378886
835,10835,99.96282019773774
836,10836,811.7900163367084
837,10837,-346.25211606529933
838,10838,103.69087960098399
839,10839,487.73608126333374
840,10840,120.89569101399074
841,10841,-324.3296740543687
842,10842,-136.41212971214622
843,10843,-41.924430030977135
844,10844,282.7029865802331
845,10845,345.62032897020475
846,10846,124.69798534752341
847,10847,-206.11335283373484
848,10848,155.93998583214105
849,10849,-443.7672299433852
850,10850,-273.3430034005972
851,10851,195.95033081854604
852,10852,-30.690040851399914
853,10853,86.5677865981535
854,10854,-312.21136188949725
855,10855,41.00524696145824
856,10856,307.67518019994753
857,10857,532.905949421405
858,10858,260.1616805633809
859,10859,362.00550753373693
860,10860,101.32898120196683
861,10861,38.441296139893545
862,10862,20.26767475390345
863,10863,117.4402498807464
864,10864,573.6911827078568
865,10865,-507.5920585145017
866,10866,-211.7696267104571
867,10867,-78.39989740428179
868,10868,-319.57376765957423
869,10869,-267.44656441833394
870,10870,-780.8570319676246
871,10871,50.22998055644268
872,10872,-298.54901081716736
873,10873,23.392386523117523
874,10874,-76.29059741014893
875,10875,-257.5974704642536
876,10876,171.56436509796586
877,10877,-121.60078316249019
878,10878,-451.3737768554305
879,10879,81.13533884268293
880,10880,-212.55249317142733
881,10881,-3.534927229095288
882,10882,-408.25548100018665
883,10883,-158.65133194465764
884,10884,238.3983420161317
885,10885,-133.03572327369864
886,10886,-266.0840826060649
887,10887,247.74270438194816
888,10888,347.9665442832377
889,10889,-511.3152428108669
890,10890,21.815871215018603
891,10891,-163.84140964229033
892,10892,-472.56083639704946
893,10893,-365.0082671512369
894,10894,272.43713793224066
895,10895,92.37376374891556
896,10896,491.808145684652
897,10897,-200.03605813581066
898,10898,144.31490824987398
899,10899,-554.3580524200005
900,10900,-449.35755789415936
901,10901,565.015480179961
902,10902,446.31875807462166
903,10903,309.6973881874143
904,10904,282.9279414077525
905,10905,176.1976281899674
906,10906,-315.1418517603806
907,10907,612.3377931152997
908,10908,274.2522312477318
909,10909,-19.436173058565174
910,10910,404.6254477705253
911,10911,47.26648142698536
912,10912,101.89624080960559
913,10913,98.14809562777747
914,10914,-231.35258244372164
915,10915,136.3361231916435
916,10916,-150.31005926794847
917,10917,461.1995499787894
918,10918,145.69015888427197
919,10919,-405.82374187556
920,10920,-405.55256587509746
921,10921,213.67394365056128
922,10922,-204.80364027314388
923,10923,-118.57063791050965
924,10924,675.2302648290729
925,10925,145.16198786853337
926,10926,489.68700201996234
927,10927,-173.76557459369263
928,10928,89.6916846528363
929,10929,239.01179154231005
930,10930,-68.18000068660228
931,10931,93.66677561513198
932,10932,-196.55301722008508
933,10933,-711.7534447200958
934,10934,-104.150239911489
935,10935,55.73003950123037
936,10936,74.24035058478701
937,10937,625.7495908769057
938,10938,234.98688486875463
939,10939,221.59294793875665
940,10940,61.931591756794276
941,10941,239.73644833443734
942,10942,-21.338081818317114
943,10943,180.16473629709057
944,10944,14.918627995498952
945,10945,-374.8656883482522
946,10946,-397.51492885840406
947,10947,114.66690843216267
948,10948,-269.6162287989421
949,10949,0.13921221449066978
950,10950,-34.59484676069283
951,10951,72.73402122668077
952,10952,-188.80556313903787
953,10953,-365.53367192345416
954,10954,-67.5955225542659
955,10955,19.501170139178896
956,10956,212.78259013823453
957,10957,170.7228468826316
958,10958,48.75605588201924
959,10959,-239.44652279164708
960,10960,409.7382051551799
961,10961,399.8680056503099
962,10962,18.693100459976463
963,10963,165.76697195984366
964,10964,-124.38945349671158
965,10965,54.99452321278788
966,10966,640.4320745648705
967,10967,7.578792735556078
968,10968,-265.0476304100112
969,10969,1.6927330910943117
970,10970,18.5171336212685
971,10971,-248.85163930169313
972,10972,106.86193154650857
973,10973,251.6391431209095
974,10974,133.83773953640684
975,10975,-358.26696137693267
976,10976,426.2614473176425
977,10977,71.97842246974103
978,10978,-322.08755962522105
979,10979,438.84026750159467
980,10980,-40.132114491341724
981,10981,283.8035686529263
982,10982,-487.9061953325883
983,10983,-86.93302825214897
984,10984,-470.8501510916902
985,10985,73.14648277315226
986,10986,-688.3900989407999
987,10987,392.47856756604085
988,10988,-328.6310374955383
989,10989,149.39160063469066
990,10990,321.7931147606062
991,10991,584.3930870450638
992,10992,206.75729570024856
993,10993,36.54822599700843
994,10994,-37.77828521118774
995,10995,-551.0517094651391
996,10996,-107.85120387757104
997,10997,-176.80602795353218
998,10998,-356.889491173183
999,10999,418.4145841124786
1000,11000,-26.133496016983315
1001,11001,-213.90951362803094
1002,11002,246.5797888198778
1003,11003,-32.01102494971322
1004,11004,-126.73258849582548
1005,11005,26.91449155762038
1006,11006,198.92197376295277
1007,11007,-18.84355441470602
1008,11008,-119.5148460764218
1009,11009,-389.90376053107497
1010,11010,-149.50928607147955
1011,11011,-308.96203021469455
1012,11012,-478.7771604137537
1013,11013,-616.7291412522806
1014,11014,-25.890829611384845
1015,11015,-133.17659031686313
1016,11016,-633.058725229321
1017,11017,-32.26329474560747
1018,11018,28.795819581693934
1019,11019,-290.00132364066116
1020,11020,-168.0249653920019
1021,11021,-173.8410200197386
1022,11022,107.27955415166501
1023,11023,278.3287852070007
1024,11024,164.73665181591338
1025,11025,596.7860199506167
1026,11026,737.7802177171235
1027,11027,-57.044398703886884
1028,11028,-20.381913027885055
1029,11029,193.1114083002466
1030,11030,150.95242220368192
1031,11031,-340.87792585586783
1032,11032,207.556570246538
1033,11033,-27.674726125891567
1034,11034,-146.9516573657137
1035,11035,-121.88066829612592
1036,11036,144.47950532989148
1037,11037,333.2095316788967
1038,11038,-452.51312096804656
1039,11039,-208.53684674422325
1040,11040,265.8449475236097
1041,11041,-86.19645950050119
1042,11042,-456.010617922364
1043,11043,-377.73004720142774
1044,11044,277.55668897045547
1045,11045,-98.28816556864507
1046,11046,-258.6774182328513
1047,11047,508.51302164659245
1048,11048,-27.82946676741426
1049,11049,-397.83822522418853
1050,11050,27.29423154804269
1051,11051,55.460906962911565
1052,11052,86.52443961502709
1053,11053,-417.7182670641666
1054,11054,265.07469217437045
1055,11055,126.49537980057329
1056,11056,-731.233799893345
1057,11057,26.768529070431946
1058,11058,15.172424965472743
1059,11059,603.1491770539619
1060,11060,-68.51036908576049
1061,11061,-630.158849738927
1062,11062,391.4398950451707
1063,11063,191.26739771271502
1064,11064,-82.79915889804514
1065,11065,874.2798355716839
1066,11066,130.10220965607954
1067,11067,24.825257629838177
1068,11068,10.015684555530697
1069,11069,407.5535519509864
1070,11070,184.9337224498373
1071,11071,699.4013403550852
1072,11072,12.874182171248592
1073,11073,-569.7950312054745
1074,11074,-60.618267530272945
1075,11075,-96.58944292586199
1076,11076,19.66070835738391
1077,11077,30.225969050066226
1078,11078,-107.06858214835708
1079,11079,-23.448153023309004
1080,11080,-16.563489755114375
1081,11081,18.76731799858635
1082,11082,145.9503818222065
1083,11083,-428.10275660092145
1084,11084,-158.17477611037327
1085,11085,-44.37808089678816
1086,11086,-411.2997705448308
1087,11087,218.42101808202557
1088,11088,141.24530784475292
1089,11089,316.6347559705915
1090,11090,93.68023982535564
1091,11091,154.16405402565502
1092,11092,-132.92025023590958
1093,11093,-293.8735713953074
1094,11094,485.30634558787744
1095,11095,-271.2294815068555
1096,11096,373.3831471784342
1097,11097,-359.66959875632983
1098,11098,-459.9923044506959
1099,11099,209.0536985232836
1100,11100,46.74008351487666
1101,11101,-767.8965435991804
1102,11102,-153.96946682570615
1103,11103,-66.68289246156854
1104,11104,-15.944035080887318
1105,11105,16.075984344999995
1106,11106,157.03893670157439
1107,11107,585.6578635592919
1108,11108,-259.63810597939346
1109,11109,264.4864666930863
1110,11110,171.55865069952827
1111,11111,182.0657255450842
1112,11112,-336.8833733608904
1113,11113,-403.238538703155
1114,11114,114.57772510795704
1115,11115,161.83644349638905
1116,11116,-628.0447010001046
1117,11117,242.01175305538752
1118,11118,362.8630361176548
1119,11119,60.71370640424372
1120,11120,-359.311231213259
1121,11121,-379.08187950572596
1122,11122,237.8377849497888
1123,11123,-293.41750913992644
1124,11124,-397.4513792029838
1125,11125,159.58885605132718
1126,11126,365.03747521359594
1127,11127,-720.6128464897366
1128,11128,500.1648657714851
1129,11129,-11.265810006164273
1130,11130,-69.3550150252374
1131,11131,250.8656215596787
1132,11132,-169.30678540802518
1133,11133,120.43720692692617
1134,11134,-39.95315782539315
1135,11135,-520.8790659997456
1136,11136,-631.1061053453736
1137,11137,-189.4512872458685
1138,11138,73.57078736644453
1139,11139,39.63813193628233
1140,11140,-459.8374387751047
1141,11141,4.029071723496202
1142,11142,-197.44889965681804
1143,11143,62.38974256914605
1144,11144,-186.44535236927072
1145,11145,-133.60822019560186
1146,11146,305.0229789528655
1147,11147,-46.022467592145475
1148,11148,-42.28147598500766
1149,11149,-174.61342313978088
1150,11150,-221.81742427816744
1151,11151,-177.5825537147681
1152,11152,-1.6457791602111906
1153,11153,92.1956147289265
1154,11154,380.6366433481242
1155,11155,5.176285533507794
1156,11156,-43.26413786036098
1157,11157,138.5690976831349
1158,11158,-644.2373399718073
1159,11159,-264.0526485409813
1160,11160,388.07711133595296
1161,11161,-314.5755039675314
1162,11162,68.5957788536978
1163,11163,313.90250595866985
1164,11164,-174.13638000550054
1165,11165,75.24506091716589
1166,11166,-48.30049653479162
1167,11167,366.3281349305429
1168,11168,-300.95317522451967
1169,11169,52.295474972807455
1170,11170,199.76450852884585
1171,11171,-291.4521388811781
1172,11172,-221.2552571419511
1173,11173,-347.63373665011375
1174,11174,-203.1697372256599
1175,11175,-377.92297544460473
1176,11176,-39.05990123872177
1177,11177,-27.65770898692326
1178,11178,-4.84006901108458
1179,11179,387.6931701816726
1180,11180,173.07521100861635
1181,11181,932.270401678973
1182,11182,-79.75948934966345
1183,11183,140.83197737225038
1184,11184,39.68402985812696
1185,11185,443.5242080443139
1186,11186,342.3599487202397
1187,11187,-137.857952584063
1188,11188,596.3305304911732
1189,11189,207.64692642350764
1190,11190,-628.744469689728
1191,11191,498.5177064988457
1192,11192,-157.93924874004932
1193,11193,351.1078397657426
1194,11194,21.71133353559958
1195,11195,-147.85882005549348
1196,11196,204.57246274928235
1197,11197,29.47461824941385
1198,11198,121.43392964124507
1199,11199,-565.6199353865654
1200,11200,-229.61058695852796
1201,11201,-46.80447710874232
1202,11202,686.9993413504841
1203,11203,-439.37600813835786
1204,11204,-564.3067809262278
1205,11205,-449.44523872061256
1206,11206,-187.0133755779533
1207,11207,63.714470752306596
1208,11208,226.532179611291
1209,11209,-238.26195886607633
1210,11210,8.031752667966828
1211,11211,-360.68869418514635
1212,11212,-123.99311613868832
1213,11213,-388.86461946300403
1214,11214,21.02586263144599
1215,11215,-301.5018712563046
1216,11216,215.87740831289634
1217,11217,403.5102100498001
1218,11218,435.69760335692706
1219,11219,-107.10092088372235
1220,11220,186.0469207837363
1221,11221,347.5694847398062
1222,11222,258.8139591153051
1223,11223,-431.3756614817946
1224,11224,-169.3593819810199
1225,11225,106.38668004303918
1226,11226,11.406343347778687
1227,11227,362.59620402956483
1228,11228,-602.2073540911482
1229,11229,707.5559184457967
1230,11230,202.17491878205482
1231,11231,-50.33711976765585
1232,11232,-170.32942345324903
1233,11233,-33.31137090394952
1234,11234,194.42983492011558
1235,11235,-358.5893509674063
1236,11236,-212.26535326917792
1237,11237,-291.4211038222632
1238,11238,295.55761894971226
1239,11239,-278.97338727308335
1240,11240,23.65365330011076
1241,11241,-64.46361090683928
1242,11242,-550.5130672413405
1243,11243,541.3432697524756
1244,11244,95.06333041131263
1245,11245,14.598207374633219
1246,11246,108.6088351912708
1247,11247,-390.9747091142432
1248,11248,358.6664196609004
1249,11249,-656.7373713546336
1250,11250,39.621704040650016
1251,11251,-112.10781397641875
1252,11252,-3.9966181836038284
1253,11253,-399.3487785294669
1254,11254,-189.94215830266873
1255,11255,25.705003254619015
1256,11256,-514.3423090508974
1257,11257,42.903388996471364
1258,11258,-18.932652421565365
1259,11259,-109.32309649965754
1260,11260,-32.8990917139472
1261,11261,-543.8120026538546
1262,11262,402.3710870309696
1263,11263,36.24431537942712
1264,11264,228.30407580009512
1265,11265,346.38302227713746
1266,11266,-401.2227069906859
1267,11267,54.05719773136582
1268,11268,6.862233348083038
1269,11269,-3.812080565893637
1270,11270,-445.45149197388866
1271,11271,162.08751874326904
1272,11272,176.36752501387207
1273,11273,-516.9719819284383
1274,11274,189.99316009348925
1275,11275,-164.45712796519356
1276,11276,174.20994712832857
1277,11277,-510.0297763148848
1278,11278,174.78488510987202
1279,11279,-352.74632432728424
1280,11280,-145.4609770896174
1281,11281,456.97186117066343
1282,11282,-463.51489067262906
1283,11283,-363.58427640439345
1284,11284,-157.8480822849029
1285,11285,-195.3606096202614
1286,11286,152.04068775685573
1287,11287,-197.0922676688175
1288,11288,36.48096536872015
1289,11289,993.22487797847
1290,11290,-387.0287931868161
1291,11291,-6.61651088280253
1292,11292,-272.06886088584054
1293,11293,-138.59954551011188
1294,11294,-105.0394486126002
1295,11295,-21.529524404723695
1296,11296,91.05719915023023
1297,11297,-65.79119714947281
1298,11298,164.47287710093607
1299,11299,-17.99782702746444
1300,11300,783.8866597139149
1301,11301,-339.23112472431325
1302,11302,-196.48456361783502
1303,11303,357.21849540968367
1304,11304,186.31062521156846
1305,11305,138.09410368403212
1306,11306,-11.632461477737706
1307,11307,175.80916373420334
1308,11308,-224.6173498323629
1309,11309,68.85579641186771
1310,11310,201.2111313900389
1311,11311,257.87114287716264
1312,11312,-432.87055951729945
1313,11313,-893.9998008184409
1314,11314,671.8650784658589
1315,11315,-143.3726491912168
1316,11316,622.2386586662827
1317,11317,179.38442629047165
1318,11318,553.7744088919071
1319,11319,133.3992211640391
1320,11320,-278.76344183166606
1321,11321,-316.6280409529855
1322,11322,503.41566288266705
1323,11323,282.6871359966573
1324,11324,-192.3497907541521
1325,11325,-266.5062159351745
1326,11326,28.442092691972817
1327,11327,-502.8106644889359
1328,11328,-284.8971678177413
1329,11329,334.32539610270584
1330,11330,131.85559421631172
1331,11331,-163.06900527507008
1332,11332,207.69781044505226
1333,11333,84.53775535541769
1334,11334,26.259629066102903
1335,11335,-255.9221373063668
1336,11336,51.28290274248165
1337,11337,-102.04962146231381
1338,11338,160.43430410628525
1339,11339,285.39335595631013
1340,11340,-58.84096452168154
1341,11341,103.1053491066595
1342,11342,-294.3112930187343
1343,11343,376.907490778275
1344,11344,69.80186693396972
1345,11345,866.0001885226108
1346,11346,-39.37289658053939
1347,11347,64.61420289331798
1348,11348,-169.6560341690667
1349,11349,-545.1873976320016
1350,11350,-61.76963684753748
1351,11351,-497.3202845338072
1352,11352,462.29111052928897
1353,11353,-153.26914250955485
1354,11354,-206.00694145910424
1355,11355,-139.67967903899975
1356,11356,-86.31603500008441
1357,11357,589.4439429065617
1358,11358,213.3916236546715
1359,11359,160.842692052499
1360,11360,189.1431187909561
1361,11361,-353.62333168120495
1362,11362,-195.46146888134984
1363,11363,-130.97048784757106
1364,11364,-411.8978482107092
1365,11365,339.53611096103714
1366,11366,278.70802857875685
1367,11367,262.539330890995
1368,11368,-182.31524737855958
1369,11369,312.59253988430726
1370,11370,292.50696602849143
1371,11371,-191.39812913021592
1372,11372,97.19896589042867
1373,11373,-323.0624519693485
1374,11374,-641.6335236830938
1375,11375,34.40431778594184
1376,11376,332.6146395449394
1377,11377,374.3942908011438
1378,11378,79.74057443698284
1379,11379,-175.66454148011763
1380,11380,161.84977999054524
1381,11381,247.70962726908
1382,11382,90.73858219235981
1383,11383,406.9195427827259
1384,11384,-128.29338404491483
1385,11385,131.27330755535695
1386,11386,729.3094416276265
1387,11387,721.9516507762648
1388,11388,-177.94000063372516
1389,11389,709.5229020169677
1390,11390,68.44182794627703
1391,11391,-488.04810671370603
1392,11392,152.74593914617515
1393,11393,-239.25028478333556
1394,11394,-147.28095714479636
1395,11395,-45.20831857564714
1396,11396,-222.12449344542753
1397,11397,-332.6152838819187
1398,11398,-119.36737582300503
1399,11399,411.59761537416574
1400,11400,165.38288375398935
1401,11401,488.2754656867213
1402,11402,224.14489930098802
1403,11403,57.12319327873929
1404,11404,264.66502019787265
1405,11405,-126.75098294470857
1406,11406,-376.20602059400846
1407,11407,48.791373917785336
1408,11408,420.1980640051417
1409,11409,-415.5596397131085
1410,11410,-45.07267871498895
1411,11411,-169.48557453543253
1412,11412,744.963322661383
1413,11413,-534.1845713199517
1414,11414,-151.03112809100864
1415,11415,577.9358654693676
1416,11416,46.72638739060915
1417,11417,311.5540818056211
1418,11418,357.30637658810656
1419,11419,265.4127384398392
1420,11420,-253.5973690253518
1421,11421,-473.8813440500313
1422,11422,12.688444605876015
1423,11423,-132.56426690048846
1424,11424,72.47381920347918
1425,11425,217.43580522922463
1426,11426,-335.7785201122082
1427,11427,-262.20462447685287
1428,11428,95.51698320910171
1429,11429,-209.18192024536094
1430,11430,456.6356734923439
1431,11431,308.43056019746666
1432,11432,-28.853731125681406
1433,11433,-358.51784715108187
1434,11434,128.31172677442626
1435,11435,145.62472438145952
1436,11436,95.66700803418377
1437,11437,268.28354091308233
1438,11438,-466.92441624646574
1439,11439,-314.32094969127013
1440,11440,344.7406648862786
1441,11441,220.70755813671056
1442,11442,-578.4755239012413
1443,11443,174.80907811479554
1444,11444,399.9414839607341
1445,11445,732.6720966332533
1446,11446,667.3027303329163
1447,11447,-63.09651298272021
1448,11448,245.90652202892124
1449,11449,21.730193019491207
1450,11450,-248.6526404247259
1451,11451,-197.04075505173984
1452,11452,-282.0464722650839
1453,11453,-81.15238925755503
1454,11454,52.36536160378589
1455,11455,-2.257126778133951
1456,11456,-758.8756116063797
1457,11457,213.49145912248986
1458,11458,-169.271478263975
1459,11459,184.72028865201415
1460,11460,256.5643049747533
1461,11461,-63.248897776519826
1462,11462,-272.7178718373246
1463,11463,135.79446347148962
1464,11464,455.78074339530735
1465,11465,-129.35637652171835
1466,11466,62.873370392219044
1467,11467,-386.85293789480454
1468,11468,267.22765883611135
1469,11469,287.24118692262937
1470,11470,-52.09972865258635
1471,11471,76.40695664839097
1472,11472,-138.16215089738026
1473,11473,203.55614864230685
1474,11474,15.488711020265399
1475,11475,-5.968082516968991
1476,11476,-31.64414259096889
1477,11477,221.5663023069252
1478,11478,-687.0023182063179
1479,11479,483.78422314354145
1480,11480,958.0223790880736
1481,11481,191.59606092931165
1482,11482,-58.58970557453685
1483,11483,259.4623062040441
1484,11484,-6.316757561911899
1485,11485,-270.2884690000883
1486,11486,-772.4642296251158
1487,11487,-146.46331926199844
1488,11488,-37.781460993014406
1489,11489,331.55195758225
1490,11490,570.4745741117823
1491,11491,-182.59989627575322
1492,11492,-356.09408660693805
1493,11493,84.14295121036366
1494,11494,-115.72664179916694
1495,11495,431.8983819954109
1496,11496,-39.02760836085611
1497,11497,28.163383062947972
1498,11498,-54.063853433293815
1499,11499,-259.9655378401636
1500,11500,157.69687820480857
1501,11501,-451.5735361809541
1502,11502,482.5565048687753
1503,11503,242.55694520910112
1504,11504,-588.1137438098034
1505,11505,81.0170968959944
1506,11506,325.40673944403204
1507,11507,-22.05223515065526
1508,11508,-296.27850419733227
1509,11509,299.05191358613854
1510,11510,468.26993122394856
1511,11511,-99.60746951487823
1512,11512,5.278085447168031
1513,11513,-101.94715017070976
1514,11514,172.81543496339015
1515,11515,-676.7207529529082
1516,11516,-85.3345851981887
1517,11517,117.54369571648229
1518,11518,-83.62878738830524
1519,11519,179.75562770163535
1520,11520,-83.35296347452831
1521,11521,-21.419178952217422
1522,11522,292.1247462432769
1523,11523,-100.16396087765087
1524,11524,-295.44507824255743
1525,11525,-196.19961546096386
1526,11526,-90.40349798566002
1527,11527,-58.11412409491156
1528,11528,-400.3793446976441
1529,11529,236.32717532971515
1530,11530,-312.00489053945097
1531,11531,448.89904737276584
1532,11532,202.73550507695404
1533,11533,94.9287545628966
1534,11534,60.24730791751011
1535,11535,-149.43663249088482
1536,11536,406.7833814658022
1537,11537,600.8120265364332
1538,11538,-23.263559460763588
1539,11539,-565.3127069056468
1540,11540,156.44069172561194
1541,11541,648.6215466239549
1542,11542,405.71979646874377
1543,11543,261.8058313693007
1544,11544,22.356083935016954
1545,11545,238.41247473228896
1546,11546,164.5680237527029
1547,11547,-83.34674114858285
1548,11548,209.77491982449376
1549,11549,-198.97437741530732
1550,11550,-78.7347321033737
1551,11551,27.732488101924503
1552,11552,450.31679507491054
1553,11553,-78.31520558005131
1554,11554,-267.638906333803
1555,11555,348.331874454659
1556,11556,-404.45503917406893
1557,11557,330.09593949369344
1558,11558,-532.9705587435982
1559,11559,530.1667228331005
1560,11560,-741.0568046410554
1561,11561,478.6495234473419
1562,11562,164.63187921356123
1563,11563,-449.7107531471203
1564,11564,-412.1148110783416
1565,11565,219.1277390751072
1566,11566,-378.68930950300404
1567,11567,368.733388054534
1568,11568,37.338426958467636
1569,11569,396.4934950040543
1570,11570,-29.32979471853551
1571,11571,35.47525183909086
1572,11572,-267.2910755568141
1573,11573,-417.34657979130924
1574,11574,-250.30106527663713
1575,11575,-228.95720009218678
1576,11576,692.2513473375068
1577,11577,-411.1573720657532
1578,11578,482.32117888250184
1579,11579,109.40386922308791
1580,11580,547.6205815138992
1581,11581,179.88426508469297
1582,11582,-521.5793101895102
1583,11583,-0.5366722202079894
1584,11584,-1.3108832742806267
1585,11585,-248.05083145629607
1586,11586,-243.0680618201332
1587,11587,199.5673007517015
1588,11588,381.3240432569337
1589,11589,-393.1688038873974
1590,11590,138.23245276134907
1591,11591,34.2410556979902
1592,11592,-4.6291546141187325
1593,11593,-151.8619312819597
1594,11594,335.5463722270897
1595,11595,-93.14529808270586
1596,11596,507.75321866389675
1597,11597,-355.4656205338216
1598,11598,143.08978438160966
1599,11599,137.9468840362705
1600,11600,-151.04600604389753
1601,11601,-19.60177369246886
1602,11602,105.84882713406179
1603,11603,-172.78518998126495
1604,11604,482.1272637099983
1605,11605,-267.5391741332557
1606,11606,39.905555786129824
1607,11607,-52.855796531075214
1608,11608,-21.22244673120791
1609,11609,155.37989346108475
1610,11610,-96.06927783501553
1611,11611,-163.17530409699793
1612,11612,-180.3657397735513
1613,11613,-264.67843452360023
1614,11614,171.4279516464372
1615,11615,-11.45771336294098
1616,11616,239.9973419068964
1617,11617,-39.84995383841657
1618,11618,-211.7416065579585
1619,11619,-354.169356173565
1620,11620,72.47946295208935
1621,11621,306.8202044401939
1622,11622,10.710238479162648
1623,11623,-367.9516429972727
1624,11624,280.9986782849002
1625,11625,607.1342789952021
1626,11626,226.07866695707028
1627,11627,565.9296380146845
1628,11628,-147.767472169899
1629,11629,-314.0375602749051
1630,11630,-180.04553525208996
1631,11631,51.270977379873095
1632,11632,-118.81984221413515
1633,11633,-258.26062194274687
1634,11634,-229.83713020204436
1635,11635,200.36475862315348
1636,11636,-348.0714175640104
1637,11637,-584.8608659725467
1638,11638,-4.929876831026846
1639,11639,-163.44221481669916
1640,11640,87.02751929857065
1641,11641,41.56663504345325
1642,11642,-494.89046377701607
1643,11643,-60.887711202976945
1644,11644,-173.55136971975097
1645,11645,181.26452118021444
1646,11646,-51.32570908677175
1647,11647,43.950997305181346
1648,11648,-517.9818134858792
1649,11649,-355.5526669032849
1650,11650,272.4021668773405
1651,11651,490.630383446973
1652,11652,-37.23470686782194
1653,11653,100.1917811771612
1654,11654,32.2647431166705
1655,11655,342.38399589459607
1656,11656,-274.3839964056714
1657,11657,-461.59948018183775
1658,11658,399.11781881563167
1659,11659,59.941662419266464
1660,11660,-119.02693796298053
1661,11661,-281.70905159749066
1662,11662,-127.62868444831912
1663,11663,-556.5819101778268
1664,11664,-79.3792344122173
1665,11665,-84.2839875517505
1666,11666,-212.85815433361972
1667,11667,72.2985846798123
1668,11668,-416.45899892038244
1669,11669,-151.39277066781878
1670,11670,-112.94325746656779
1671,11671,-386.99760536798294
1672,11672,553.3497133654182
1673,11673,-80.93783458087213
1674,11674,265.6051645120165
1675,11675,498.0645050415466
1676,11676,447.8834076769264
1677,11677,-162.9533886340909
1678,11678,121.20351520651907
1679,11679,106.02342845843168
1680,11680,340.5063554149739
1681,11681,4.314416762780098
1682,11682,-92.64783669165604
1683,11683,-354.12957712883616
1684,11684,214.0074765324243
1685,11685,-345.69142874226134
1686,11686,-271.80220862911716
1687,11687,426.30907737815414
1688,11688,-37.75750717052168
1689,11689,-180.46345723783557
1690,11690,-97.58231078807205
1691,11691,347.8223132335283
1692,11692,-237.01309080397752
1693,11693,118.12311870118677
1694,11694,681.4766679385029
1695,11695,275.6633448909279
1696,11696,185.16481639957368
1697,11697,-13.159363367315947
1698,11698,274.07224748719005
1699,11699,178.76102965588194
1700,11700,-178.98039516140628
1701,11701,391.8425175864849
1702,11702,-308.9499410969792
1703,11703,-324.83621594838974
1704,11704,262.08713574306773
1705,11705,398.52106409404115
1706,11706,-368.25488043296207
1707,11707,-181.1825114378506
1708,11708,-166.41347208747572
1709,11709,68.98755258725292
1710,11710,-249.4901287843151
1711,11711,443.6033748432902
1712,11712,13.650459883849464
1713,11713,-212.53037852371966
1714,11714,-27.915418712235777
1715,11715,-240.79982184571256
1716,11716,-142.88309144793834
1717,11717,-285.834304390905
1718,11718,460.6316686800942
1719,11719,-225.10788029950723
1720,11720,97.82651932861856
1721,11721,350.58725687428455
1722,11722,378.82385166848917
1723,11723,-3.8848455252718845
1724,11724,-260.94828856683745
1725,11725,-64.56158617381652
1726,11726,-270.60328416669256
1727,11727,-569.4207476943723
1728,11728,142.46838399487984
1729,11729,228.15231792746937
1730,11730,170.90589405270856
1731,11731,-88.73300598116688
1732,11732,179.58514596853024
1733,11733,176.7868255604934
1734,11734,-56.2705743482401
1735,11735,-185.8725872968273
1736,11736,100.44658731096888
1737,11737,-63.66217954558668
1738,11738,623.2061139971236
1739,11739,-122.16898105378209
1740,11740,-216.5726412681247
1741,11741,-130.9809745007368
1742,11742,-293.8266585893763
1743,11743,167.92384362730115
1744,11744,9.259507593414412
1745,11745,-587.495696260331
1746,11746,304.72480941847687
1747,11747,251.46359511685256
1748,11748,-304.0609677452446
1749,11749,108.04336957545891
1750,11750,-218.67189979790194
1751,11751,-105.13018388543605
1752,11752,121.35633108715831
1753,11753,-302.9640413485009
1754,11754,529.6616399285897
1755,11755,-224.55011115095414
1756,11756,688.8598020995784
1757,11757,121.62140840748359
1758,11758,495.8633096374002
1759,11759,-104.89700800321239
1760,11760,-39.4036928277132
1761,11761,-218.43393840893611
1762,11762,-242.075429237605
1763,11763,328.46917366165036
1764,11764,-121.57062322437409
1765,11765,-351.96132723645644
1766,11766,235.89654336008948
1767,11767,211.84331613383526
1768,11768,581.9859083831266
1769,11769,-187.81685176717568
1770,11770,-88.20353056281364
1771,11771,-121.26318282161398
1772,11772,-682.344931535685
1773,11773,-61.455993571582546
1774,11774,69.00904133898275
1775,11775,132.8948728469893
1776,11776,41.646820743464275
1777,11777,-513.1698248834693
1778,11778,216.74344092334806
1779,11779,-533.8087878872983
1780,11780,-467.1030650315728
1781,11781,39.69398965514721
1782,11782,178.84483759017806
1783,11783,-255.9126843608318
1784,11784,468.6909720129374
1785,11785,-959.1458675174455
1786,11786,201.862511915886
1787,11787,-282.56870707573876
1788,11788,-392.43495156660333
1789,11789,-219.68775779803588
1790,11790,169.59302266781162
1791,11791,-21.895665769337057
1792,11792,-242.27992228725756
1793,11793,35.588860751346445
1794,11794,336.44033353004534
1795,11795,-63.331520330006924
1796,11796,-4.446048273788755
1797,11797,-312.3153657145606
1798,11798,14.58141557194297
1799,11799,-258.22351273455064
1800,11800,725.8387913302861
1801,11801,-303.828064620401
1802,11802,-726.1845220640332
1803,11803,93.42268369441402
1804,11804,92.79798258372057
1805,11805,342.4123292506739
1806,11806,856.1825394344165
1807,11807,-54.88314706218421
1808,11808,-213.13720641425365
1809,11809,-365.0835488849499
1810,11810,-733.4819620034946
1811,11811,-206.05838193577827
1812,11812,-418.2722352600792
1813,11813,358.80446947095265
1814,11814,-260.6223453246679
1815,11815,546.2345722587847
1816,11816,187.44948665603044
1817,11817,-22.03398290079548
1818,11818,88.73051702341317
1819,11819,-243.13847978487885
1820,11820,-41.37966627895459
1821,11821,-543.6240241200909
1822,11822,840.80603546697
1823,11823,402.82422181866497
1824,11824,79.42070559550194
1825,11825,473.38979426396554
1826,11826,-57.64549004681679
1827,11827,210.1128672724437
1828,11828,-185.75745290109973
1829,11829,22.7691380035851
1830,11830,940.7468340773537
1831,11831,-442.7066678021565
1832,11832,-475.24478225219457
1833,11833,-339.99428398162104
1834,11834,541.6463647301915
1835,11835,333.49907956467484
1836,11836,-765.4962533792768
1837,11837,91.1931891808712
1838,11838,164.45073228966356
1839,11839,274.6128331227395
1840,11840,263.1882538980377
1841,11841,303.6223346767656
1842,11842,-92.18952553795796
1843,11843,208.9737133756833
1844,11844,-170.03419050961736
1845,11845,41.558196358048065
1846,11846,-670.8313651099274
1847,11847,452.65937770407066
1848,11848,741.810261254447
1849,11849,420.55241150407323
1850,11850,400.35300244817887
1851,11851,-181.64239575564164
1852,11852,162.04635840200632
1853,11853,2.7480936093341204
1854,11854,534.6906446334303
1855,11855,145.05936874351357
1856,11856,245.63977352375403
1857,11857,192.70633663605045
1858,11858,486.5739863716488
1859,11859,525.2699999852709
1860,11860,172.00159142779134
1861,11861,342.56191471401866
1862,11862,-338.448809895124
1863,11863,99.97133504380398
1864,11864,-176.9017178169022
1865,11865,316.4260102039339
1866,11866,-637.4632411206283
1867,11867,74.53335736390238
1868,11868,-319.60935418345093
1869,11869,-234.07357196963454
1870,11870,238.8317632455636
1871,11871,684.2995158543806
1872,11872,-273.3939469063449
1873,11873,229.49387382849704
1874,11874,-191.42805181835234
1875,11875,591.73655090124
1876,11876,-357.71707695786796
1877,11877,279.34920279935386
1878,11878,16.385346982374855
1879,11879,1015.2321071191641
1880,11880,-44.24764867011609
1881,11881,-259.12038484959936
1882,11882,6.686312571180142
1883,11883,113.41765950025484
1884,11884,164.36906042910542
1885,11885,-219.79091064314312
1886,11886,-50.912150165225626
1887,11887,234.69378482921525
1888,11888,-225.74604715601424
1889,11889,-124.56806112023025
1890,11890,89.33080634586096
1891,11891,-24.039822321153935
1892,11892,949.8138509171495
1893,11893,21.685293242949214
1894,11894,-333.0669156217114
1895,11895,51.6352667711282
1896,11896,-328.74705891807025
1897,11897,-622.2335618237709
1898,11898,-406.82572326736806
1899,11899,-126.38083816157118
1900,11900,-298.35683404440965
1901,11901,-494.6324027328509
1902,11902,579.0223407583984
1903,11903,170.42489512238222
1904,11904,160.45127278901532
1905,11905,-127.53245750921042
1906,11906,116.51260749164081
1907,11907,137.24483689523396
1908,11908,-1.235126305627403
1909,11909,613.2508183966265
1910,11910,435.2344808605941
1911,11911,160.3869671002342
1912,11912,-185.47388977035064
1913,11913,188.64065599401124
1914,11914,-610.560351317361
1915,11915,23.714657186399137
1916,11916,-97.90469140459471
1917,11917,-120.6134540859719
1918,11918,353.07871733578804
1919,11919,-18.442887505295744
1920,11920,-120.28546893417439
1921,11921,15.392910103857137
1922,11922,185.80696804774504
1923,11923,845.6527630055818
1924,11924,349.45932877055947
1925,11925,45.89263723696638
1926,11926,-7.237928751002897
1927,11927,-164.71617083395958
1928,11928,107.29963692985888
1929,11929,-99.60009978114924
1930,11930,48.61636926930461
1931,11931,41.19970604370542
1932,11932,661.673217095869
1933,11933,305.9589879497777
1934,11934,500.4110755868314
1935,11935,-231.16099217574518
1936,11936,334.1777324993206
1937,11937,-326.4023426632576
1938,11938,-574.1806195838052
1939,11939,148.54087270945215
1940,11940,613.9878825912868
1941,11941,184.52036741988587
1942,11942,-216.10046725875628
1943,11943,-616.0735283229867
1944,11944,127.46984067427044
1945,11945,-96.88155439275003
1946,11946,-167.7120378439448
1947,11947,-349.9469948861919
1948,11948,6.6148671269288
1949,11949,543.2797064068867
1950,11950,-362.78103146834025
1951,11951,-330.0574194946648
1952,11952,347.0145487363184
1953,11953,526.4307732934478
1954,11954,-69.342520304569
1955,11955,368.0894293247745
1956,11956,381.72371964173885
1957,11957,345.85284032808585
1958,11958,-204.6898131886216
1959,11959,157.89721831896526
1960,11960,-967.3833642179122
1961,11961,527.9548197579932
1962,11962,-338.8496057859554
1963,11963,609.181138601758
1964,11964,381.11662058980016
1965,11965,-18.35158324023024
1966,11966,-92.2429183078319
1967,11967,-166.08686551614554
1968,11968,-173.9395994580621
1969,11969,-221.1373420431762
1970,11970,-228.37612245128577
1971,11971,198.0616068094599
1972,11972,-713.0064769343039
1973,11973,-89.6818647418333
1974,11974,-480.0045701677824
1975,11975,-271.733395922701
1976,11976,565.3236399366723
1977,11977,96.1114826323314
1978,11978,178.61335856961426
1979,11979,-61.174332454704725
1980,11980,-368.6916872400585
1981,11981,4.847746578177329
1982,11982,414.4138213444015
1983,11983,-760.3183167930523
1984,11984,84.91271532686021
1985,11985,-251.84732552028905
1986,11986,280.70758458952145
1987,11987,-391.2502782510771
1988,11988,608.499117170375
1989,11989,-27.808460607211593
1990,11990,-123.41411926925775
1991,11991,-130.8292441940818
1992,11992,18.553068892600322
1993,11993,-433.1653758772145
1994,11994,-303.70912611646537
1995,11995,464.71525498508015
1996,11996,496.48533446727913
1997,11997,-35.135409415796545
1998,11998,-131.67918453438588
1999,11999,417.26915462133337
